Common Name(s),All Synonyms,Country of origin,Pedigree,Hectares cultivated (Year),Year of introduction
Abbuoto,"Aboto, Cecubo.","Italy, Lazio",,717 (2000),1984
Abouriou,"Beaujolais, Early Burgunder, Early Burgundy, Gamay Beaujolais, Gamay du Rhône, Gamay St-Laurent, Malbec Argente Negret de la Canourgue, Noir Hatif, Plant Abouriou, Plant Précoce, Précoce Naugé, Précoce Noir, Pressac de Bourgogne.","France, Southwest",Potential (not yet confirmed) parent is Magdeleine Noire des Charentes,,
Alexandroouli,"Aleksandroouly, Aleksandrouli, Aleksandrouli shavi, Alexandreouli, Alexandreuli, Alexandroouli, Alexandrouly, Alexsandrouli, Kabistona, Kabistoni.",Georgia,,,
Akhasheni,Akhashenuli,Georgia Eastern parts.,,,
Abrusco,"Abrostalo, Abrostine, Abrostino, Abrusco nero, Abrusco nero di toscana, Abrusio, Colore, Colorino","Italy, Tuscany",,6 (2000),< 1600
Acolon,,Germany,Blaufränkisch x Dornfelder,135,1971
Ada Karasi,"Adakarasi, Adakarassy, Avsa adasi, Avsa island, Balikesir, Erdek, Noir des iles.",Turkey,,,
Affenthaler,"Affenthaler schwarzblau, Affenthaler blauer, Blauer affenthaler, Burgunder saeuerlich, Kleiner trollinger, Morillon aigret, Pineau aigret, Saeuerlicher burgunder, Schwarzblaue affenthaler, Trollinger klein.",Germany,One parent may be Heunisch weiss,,
Agiorgitiko,"Aghiorghitico, Aghiorghitiko, Nemeas Mavro, Nemeas Mavroudi, St.George.",Greece,,,
Aglianico,"Aglianco di puglia, Aglianica, Aglianichella, Aglianichello, Aglianico amaro, Aglianico crni, Aglianico del vulture, Aglianico di castellaneta, Aglianico di taurasi, Aglianico femminile, Aglianico mascolino, Aglianico nero, Aglianico pannarano, Aglianico tringarulo, Aglianico zerpoluso, Aglianico zerpuloso, Aglianicuccia, Agliano, Agliatica, Agliatico, Agnanico, Agnanico di castellaneta, Alianiko, Cascavoglia, Cerasole, Ellanico, Ellenico, Fiano rosso, Fresella, Gagliano, Ghiandara, Ghianna, Ghiannara, Glianica, Gnanica, Gnanico, Granica, Granico, Olivella di san cosmo, Prie blanc, Ruopolo, Spriema, Tringarulo, Uva catellaneta, Uva dei cani, Uva di castellaneta, Uva nera.","Italy, Basilicata and Campania",,,
Aglianicone,"Aglianico bastardo, Aglianicone nero, Glianicone, Ruopolo.","Italy, Basilicata and Campania",,140 (2000),
Agni (grape) [cs],,Czech Republic,Andre × Irsai Olivér,,
Agronomica,,Portugal,,,
Agua Santa,,Portugal,Camarate × Periquita,,1948
Aidani Mavro,"Aedano mavro, Aidani noir, Aidano mavro, Ithani mavro, Mavraidano, Mayraedano, Santorin.",Greece,,,
Aladasturi,"Aladastouri, Anadassaouli, Anadassaouli femelle, Anadassaouli male, Anadastouri.",Georgia,,,
Albaranzeuli nero,,"Italy, Sardinia",,,
Albarossa,"Dalmasso, Incrocio dalmasso.","Italy, Veneto region",Chatus (Nebbiolo Di Dronero) x Barbera,10 (2000),1938
Aleatico,"Aglianico nero, Agliano, Agliatico, Aleatiau, Aleatica, Aleatica di firenze, Aleatichina, Aleatico, Aleatico ceragino, Aleatico ciliegino, Aleatico comune, Aleatico de corse, Aleatico de florence, Aleatico de portoferraio, Aleatico de solmona, Aleatico dell'elba, Aleatico di altamura, Aleatico di benevento, Aleatico di firenze, Aleatico di portoferraio, Aleatico di sulmona, Aleatico di toscana, Aleatico gentile, Aleatico nera della toscana, Aleatico nero, Aleatico nero della toscana, Aleatico nero di fermo, Aleatico nero di firenze, Aleatico perugino, Aleaticonera, Aleaticu, Aleatiko, Aleatiko nero, Alegatico, Aliatico, Aliatico di benevento, Aliaticu, Alleaticu, Allianico, Allianico degli abruzzi, Blacan, Halapi, Ispanskii rozovyi, Lacrima christi, Lakrima dolche, Lakrima kriati, Leatico, Livatica, Mockatele livatike, Moscatele livatice, Moscatelle livatiche, Moscatello nero, Moscato nero, Moskatele livatike, Muscatellus, Muskat toskanski, Muskat toskanskij, Myuskatele livatike, Nero, Occhio di pernice, Occhio di pernice nera, Ogliatico, Pelaverde, Rossanella, Uva aleatica, Uva aleatico, Uva dei gesuiti, Uva liatica, Uva liatika, Vernaccia di pergola, Vernaccia moscatella.",Italy,,,<14th century
Alexandroouli,"Aleksandroouly, Aleksandrouli, Aleksandrouli shavi, Alexandreouli, Alexandreuli, Alexandroouli, Alexandrouly, Alexsandrouli, Kabistona, Kabistoni.",Georgia,,,
Alexander,"Alexandria, Black cape, Black grape, Buck grape, Cape, Cape grape, Clifton's constantia, Clifton's lombardia, Columbian, Constantia, Farkers grape, Madeira of york, Rothrock, Rothrock of prince, Schuylkill, Schuylkill muscadel, Schuylkill muscadine, Springmill constantia, Tasker's grape, Vevay, Vevay winne, Winne, York lisbon.",United States,Vitis Labrusca × ?,,
Alfrocheiro,"Albarin frances, Albarin negrin, Albarin negro, Albarin tinto, Albarinon, Alfrocheiro preto, Alfrucheiro, Alfurcheiro, Baboso negro, Bastardo negro, Brunal, Caino gordo, Tinta bastardinha, Tinta francesa de viseu, Tinta francisca de viseu, Tinto serodo.",Portugal,,,
Alicante Henri Bouschet,"Alicant de pays, Alicante, Alicante bouchet, Alicante bouschet, Alicante bouschet crni, Alicante extra fertile, Alicante femminello, Alicanteh Bouschet, Alicante nero, Alicante noir, Alicantina, Alikant buse, Alikant, Buse bojadiser, Alikant bushe, Alikant bushe ekstrafertil, Alikant genri bushe, Alikante henri bouschet, Aragonais, Aragones, Arrenaou, Baga, Bakir uezuemue, Barvarica, Blasco, Bojadiserka, Carignan jaune, Cupper grape, Dalmatinka, Garnacha, Garnacha tintorera, Kambusa, Lhadoner, Moraton, Mouraton, Murviedro, Negral, Pe de perdiz, Pe de pombo, Petit bouschet, Redondal, Rivesaltes, Rivos altos, Roussillon, Rouvaillard, Sumo tinto, Tinta fina, Tinta francesa, Tinto, Tinto nero, Tinto velasco, Tintorera, Tintorera de liria, Tintorera de longares, Tinturao, Uva di spagna.",France,Petit Bouschet x Grenache,,1855
Allegro,Geisenheim,Germany,Chancellor × Rondo,,1983
Amaral,"Amaral preto, Azal, Azal preto, Azal tinto, Azar, Cachon, Cainho bravo, Cainho miudo, Caino, Caino bravo, Caino tinto, Cainzinho, Sousao, Sousao galego.",Portugal,,,
Ancellotta,,Spain,Cañocazo × Pedro Ximénez 2,19 (Switzerland 2009),
André (grape) [cs],"Andrea, Semenac.",Czech Republic,Blaufränkisch × St. Laurent,,1960
Antey Magarachsky,"Antei magarachskii, Antei, Antei magaracha, Antei magaratchsky, Antej magaratscha, Antey magarachskii, Magarach.",Ukraine,Rubinovyi Magaracha × Seyve Villard 20347,,1971
Aragónez,"Albillo negro, Aldepenas, Aragon, Aragones, Aragonez, Aragonez da ferra, Aragonez de elvas, Arauxa, Arganda, Arinto tinto, Cencibal, Cencibel, Cencibera, Chinchillana, Chinchillano, Chinchilyano, Crujidera, Cupani, De por aca, Escobera, Garnacho fono, Grenache de logrono, Jacibera, Jacibiera, Jacivera, Juan garcia, Negra de mesa, Negretto, Ojo de liebre, Olho de lebre, Palomino negro, Pinuela, Roriz, Sensibel, Tempranilla, Tempranillo, Tempranillo crni, Tempranillo de la rioja, Tempranillo de perralta, Tempranillo de rioja, Tempranillo de rioza, Tempranillo rioja, Tinta aragones, Tinta corriente, Tinta de madrid, Tinta de santiago, Tinta de toro, Tinta del pais, Tinta do inacio, Tinta do pais, Tinta fina, Tinta madrid, Tinta monteira, Tinta monteiro, Tinta roris, Tinta roriz, Tinta santiago, Tinto aragon, Tinto aragones, Tinto aragonez, Tinto de la ribera, Tinto de madrid, Tinto de rioja, Tinto de toro, Tinto del pais, Tinto del toro, Tinto fino, Tinto fino de Madrid, Tinto madrid, Tinto pais, Tinto ribiera, Tinto riojano, Tinto tempranillo, Ull de liebre, Ull de llebre, Valdepenas, Verdiell, Vid de aranda.",Spain,Albillo Mayor x Benedicto,"170,000 (2004)",
Aramon Noir,"Amor Nao Me Deixes, Aramon, Aramon Chernyi, Aramon Crni, Aramon Negro, Aramon Noire, Aramon Pignat, Aramon Pigne, Aramon Rozovyi, Aramon Saint Joseph, Aramone, Aramonen, Aramont, Arramant, Arramont, Burchardt's Prince, Burckarti Prinz, Burkhardt, Eramoul, Eromoul, Gros Bouteillan, Kek Aramon, Pisse Vin, Plant Riche, Rabalaire, Ramonen, Reballaire, Reballayre, Revalaire, Revellaire, Ugni Neru, Ugni Nevu, Ugni Noir, Uni Negre, Uni Noir.","France, Languedoc",Ouliven x Heunisch Weiss,"9,100 (France 2000)",
Areni,"Areni sev, Areni chemyl, Areni chernyi, Areni noir, Areni tcheurny, Areny, Areny tcherny, Lyalai, Malagi, Malagui, Malahi noir, Malai sev, Malat, Malayi, Memeyi, Mialai, Milahi, Milai chernyi, Milai noir, Milaj sev, Milakhi, Movouz, Movuz, Myalai, Myalan, Ordoutchi sev, Ordoutzi sev, Ordutsi sev, Orduzi sev, Ourdoussi, Ourdusi, Ourza sev, Sev areni, Sev malahi, Urdusi, Ursa sev, Urza sev, Usza sev.",Armenia,,,
Argaman,,Israel,,,
Argant,"Argan, Blaue Gansfuesser, Blauer Gansfuesser, Bockshorn, Buchser, Erlenbacher, Espagnol, Gaensefuessler, Gaensfuessel, Gaensfuesser, Gaensfuesser Blau, Gaensfuessler, Gansfyuser, Gros Margilien Espagnol, Gros Margillien, Gros Margillien Arbois, Grossrote, Margilien, Margillien, Margillin, Rouillot, Schwarzer Erlenbacher, Tokai Chernyi, Tokai Rannii.",Spain,,,
Arinarnoa,,France,Tannat × Cabernet Sauvignon,,1956
Arinto de Bucelas,"Arintho, Arinto Cachudo, Arinto Cercial, Arinto D'anadia, Arinto Galego, Asal Espanhol, Asal Galego, Assario Branco, Azal Espanhol, Azal Galego, Boal Cachudo, Branco Espanhol, Cerceal, Chapeludo, Malvasia Fina, Pe De Perdiz Branco, Pederna, Pedernao, Pedrena, Terrantez Da Terceira, Val De Arintho.",Portugal,,,
Arnsburger,"Arns burguer, Arnsburguer, Geisenheim.",Germany,Müller-Thurgau × Weisser Gutedel,,1939
Arrouya,"Arhuya, Aroyat, Arrouyat, Arroya, Arruya, Dourec Noir, Eremachaoua, Erematxahua, Rouja, Vieux Rouge.","France, Jurançon AOC",,,
Ashughaji,"Achougage, Atpizh, Atpyuzh, Atriuzh, Atvige, Atvizh, Ashugazh.",Georgia,,,
Aspiran Bouschet,"Aspiran Bouchet, Aspiran Bouson, Grand Noir De Laques, Spigamonti.","France, Languedoc",Rivairenc × Teinturier,7 (1988),1865
Aspiran Noir,"Aspiran, Aspiran Chernyi, Aspiran Csornüj, Aspirant, Epiran, Espiran, Peyral, Peyrar, Piran, Ribeyrenc, Rivairenc, Riverain, Riveyrenc, Riveyrene, Spiran, Verdai, Verdal, Verdal Noir.",France,,,
Assario,Assario Negro,Portugal,,,
Asuretuli Shavi,"Assouretouli, Assouretouli chavi, Asuretuli, Asuretuli sciavi, Chalbtchbaru, Chalbtraouvan, Chalchvarce, Chale, Chaltraouben, Sal uezuem, Schalltraube, Shadi traube, Shal, Shal izyum, Shal uzum, Shal'shvarsh, Shal'shvarts, Shala, Shalsharz, Shalshvari, Shalshvarts, Shaltraube, Shaltrauben.",Georgia,,,
Aubun,,"France, Rhone valley",,"1,400 (2000)",
Avanà,"Alvana Di Susa, Avana, Avana De Susa, Avana Di Susa, Avana Nero, Avanale, Avanas, Avanato, Avane, Avena, Avenai, Bibou, Davana, Guibou, Havana, Havana, Hibou, Hibou Noir, Hivernais, Hyvernais, Luisant, Palofrais, Polafrais, Polofrais, Pometre, Promeche, Promere, Raisin Cerise, Ribou, Vermaglio.","Italy, Piedmont",,30 (2000),
Avarengo,"Amarene, Avarena, Avarenc, Avarene, Avarengo Comune, Avarengo Comune Nero, Avarengo Di Piemonte, Avarengo Fino, Avarengo Grosso, Avarengo Mezzano, Avarengo Piccolo, Avarengo Rama-Bessa, Avarengo Ramabessa, Avarengo Ramafessa, Boffera, Croassera, Mostera Ivrea, Mostera Nera, Mosterce, Mostero, Mostero Rosso, Mosto, Mostona, Mostosa, Mostoson, Muster, Riondasca, Riondosca, Riundasca, Rondasca.","Italy, Piedmont",,,
Avgoustiatis,"Avgoustella, Aygoustiates.",Greece,,,
Băbească neagră,"Aldarusa, Asil Kara, Babeasca, Babiasca Niagra, Babiaska Niagra, Bobiaska Niagra, Bobyaksa Nigra, Bobyaska Nyagra, Bobyaska Nyaqra, Caldarusa, Cerniy Redkiy, Chernyi Redkii, Chernyj Redkij, Chernyl Redkyl, Ciornai Redchii, Ciornii Redchii, Coldarusha, Copuiac, Cracana, Cracanata, Crecanat, Crecanate, Gara Serektsiya, Gara Serexia, Goldaroucha, Grossmuttertraube, Hexentraube, Kaouchanskii, Koldaroucha, Koldarusa, Koldarusha, Koldursha, Koptchak, Koptchakk, Krekanat, Krekanate, Loose Black Grape, Neagra Rara, Niagra Rara, Nyagra Rara, Poama Rara Neagra, Poma Rara Niagra, Poma Rara Nyagra, Qara Dereksiya, Racanata, Ramturata, Rara Neagra, Rara Negra Moldarsky, Rara Niagra, Rara Nyagra, Rara Nyaqra, Raraneagra, Raschirata, Rastoparca, Rastopirka, Rastopyrka, Rastrepa, Rastreppa, Rastriopa, Redkyi Chernyi, Rekhavo Grazdi, Rekhavo Grozdi, Rekhavo Grozdy, Rexavo Grozdi, Richkirate, Richkiriata, Riedkym, Rimpurate, Rimtsurate, Rimtzourate, Rindsourata, Rishki Rate, Rishky Rate, Riski Rate, Rossmuffertraube, Rostopiska, Rostopoveska, Rychkirate, Rymourate, Rympurate, Ryshkirate, Saesser, Sassep, Sasser, Serecsia, Serecsia Ciornaia, Serectia, Serectia Ciornaia, Serekcia Tcheurnaia, Sereksia, Sereksia Chornaya, Sereksiya, Sereksiya Chernaya, Sereksiya Tschiornaya, Serektsiya, Serescia, Serexia, Serexia Noir, Serexia Tcheurnaia, Sesser, Stropatai, Stropatny, Stropatnyj, Stropaty, Stropatyi, Tchernyi Redkii, Tcheurny Redky, Timofeevka, Totlear, Tsotler, Tsotlyar.",Romania,,"6,300 (2005)",
Babić,"Babcevica, Babic Crni, Babic Mali, Babic Pivati, Babic Pluskavi, Babic Veliki, Babica Crna, Babica Crni, Babica Gresljivka Crni, Babica Mala, Babica Velika, Babicevic, Babicevica, Babika, Babika Vela, Babina, Babinka, Babinka Vela, Babitch, Babitza, Babytch, Crnac Rani, Crnac Rani A Sibenik, Divljak A Zadar, Grastavac, Gresljivka, Pazanin, Resljivka, Rogoznicanin, Rogoznicka, Roguljanac, Roguljanak A Sibenik, Shibenchanatz, Sibencanac, Sibencanac A Zadar.",Croatia,,,
Bachet Noir,"Bachet, Bachey, Francois, Francois Noir, Francois Noir De Bar-Sur-Aube, Gris Bachet.",France,Heunisch Weiss × Pinot,,
Baco Noir,"Baco, Baco Negru, Bacoi, Bago, Bako Noar, Bako Sieiski, Bako Speiskii, Bakon, Wolfschlugen, Frybert.",France,Folle Blanche × Riparia Grand Glabre,,
Baga,"Baga De Louro, Bagrina Crvena, Baguinha, Bairrada, Bairrado Tinta, Baya, Carrasquenho, Carrega Burros, Goncalveira, Morete, Moreto, Paga Divida, Paga Dividas, Poeirinha, Poeirinho, Povolide, Preiinho, Pretinho, Preto Rifete, Rifete, Rosete, Tinta Bairrada, Tinta Bairradina, Tinta Da Bairrada, Tinta De Baga, Tinta Fina.",Portugal,,,
Barbera,"Barbera Amaro, Barber a Raspo Rosso, Barbera a Peduncolo Rosso, Barbera a Peduncolo verde, Barbera a Raspo verde, Barbera Crna, Barbera d'Asti,  Barbera dolce, Barbera fina, Barbera forte, Barbera grossa, Barbera Mercantile, Barbera Monferrato, Barbera nera, Barbera Nostrana, Barbera riccia, Barbera Rissa, Barbera rosa, Barbera vera, Barberone, Besagno,  Cosses Barbusen, Gaietto, Lombardesca, Ughetta",Italy,,"28,000 (2000)",
Barbera del Sannio,,"Italy, Campania",,,
Barbera Sarda,,"Italy, Sardinia",,,
Barsaglina,"Barsullina, Bersaglina, Massareta, Massaretta","Italy, Tuscany and Liguria",,30 (2000),
Bastardo Magarachsky,"Bastardo Magarachskii, Bastard De Magaraci, Bastard Von Magaratsch, Bastardo Magaraca, Bastardo Magarach, Bastardo Magarachsky, Bastardo Magaratchskii, Basztardo Magaracsszkij, Magarach Bastardo, Magaratch.",Ukraine,Bastardo × Saperavi,,
Beaunoir,"Beau Noir, Beaunoire, Cep Gris, Co Gris, Mourillon, Pinot D'Ai, Pinot D'Ailly, Pinot D'Orleans, Seau Gris, Sogris.",France,Heunisch Weiss × Pinot,,
Béclan,"Beclan Petit, Baccalan, Baclan, Baclans, Becclan, Beikian, Beitrian, Durau, Dureau, Duret, Margillin Petit, Petit Beclan, Petit Dureau, Petit Margillin, Rousette Noire, Saunoir, Saut Noir, Sceau Noir, Seaut Noir, Suessschwarz.",France,,,
Beichun,Bei Chun,China,Muscat Hamburg × Amurensis,,1954
Bekari,"Bekaro, Mbekari Mavro, Mbekaro, Mpekari, Mpekari Mavro, Mpekaro.",Greece,,,
Belat,,Spain,,,
Béquignol Noir,"Balouzat, Bequignaou, Bequin Rouge, Blanc Fer, Bouton Blanc, Breton, Cabernet, Camerouge, Chalosse Noir, Chalosse Noire, Chausse, Chausset, Egrenant, Embalouzat, Enrageat Rouge, Grosse Here, Here, Jurancon, Mancais Noir, Maouron, Mauron, Micardeau, Negrotte, Noir Cimrah, Noir De Cimrah, Noir De Valin, Petit Fer, Plant De Dissay, Prunalet, Raboso Piave, Sencit Gris",France,,,
Biborkadarka,"Bibor Kadarka, Biborkadarsa.",Hungary,Kadarka × Muscat Bouschet,,1948
Black Queen,"Pok Dum, Pokdum",Japan,Bailey × Golden Queen,,
Blatina,"Blarina Velika Prarnobacva, Blathina, Blatina Black, Blatina Blaue, Blatina Crna, Blatina Hercegovacka, Blatina Mala, Blatina Nera, Blatina Noir, Blatina Noire, Blatina Velika, Blatyna, Praznobacva, Praznobatchva, Stara Zilavka, Tribidrag, Tribirad, Trzhbii Drak, Zilavka Stara, Zlorod.",Bosnia & Herzegovina,,,
Blauburger,Klosterneuburg,Austria,Blauer Portugieser × Blaufränkisch,,1923
Blauer Arbst / Pinot Noir,"Pinot Noir, Aprofekete, Arbst, Arbst Blau, Arbst Blauer, Assmannshaeuser, Augustiner, Auvergnat, Auvernas, Auvernas Rouge, Auvernat, Auvernat Noir, Auxerra, Berligout, Black Burgundy, Black Morillon, Blak Burgundy, Blau Burgunder, Blauburgunder, Blauer, Blauer Augustiner, Blauer Burgunder, Blauer Claevner, Blauer Clevner, Blauer Klaevener, Blauer Klaever, Blauer Klevner, Blauer Klewner, Blauer Nuernberg, Blauer Nuernberger, Blauer Rischling, Blauer Seeklevner, Blauer Spaetburgunder, Blauer Sylvaner, Blaw Shpet Burgunder, Bodenseetraube, Bodenseetraube Blaue, Boehmischer, Bon Plant, Borgogna Nera, Borgogna Nero, Borgogna Rosso, Bourgignon, Bourgignon Noir, Bourgoignon Noir, Bourguignon Gros, Bourguignon Noir, Bourguignon Petit, Bruenlaeubler, Burgunda, Burgundac Cernii, Burgundac Crni, Burgundac Crni Pozni, Burgunder, Burgunder Blau, Burgunder Blauer, Burgunder Grosse Blaue, Burgunder Kleine Blaue, Burgunder Roter, Burgunder Schwarz, Burgundi Crni, Burgundi Mic, Burgundske Modre, Cerna Okrugla, Cerna Okrugta Banka, Cerna Ranka, Chambertin, Champagner, Cherna, Chiavenase, Chiavenna, Chpatchok, Claevner, Claevner Blau, Claevner Schwarz, Clavensis, Clevner, Cortaillod, Derice Auvernas Noir, Dickblau, Echter Schwarzblauer Klevner, Elsasser Rot, Elsasser Rother, Fin Noir, Fin Noir De Toulon, Fin Plant Dore, Formentin Noir, Fraenkische Schwarze, Franc Noiren, Franc Noirien, Franc Pineau, Franc Pinot, Francois Noir, Frischschwarzer, Fruehblaue, Fruehblauer, Fruehschwarzer, Fruhblauer, Gamais, Genetin De St. Menin, Gentil Noir, Glaevinger, Glasschwarz, Gribalet Noir, Grobes Suesschwarz, Grosse Burgunder, Grosse Fruehschwarze, Gut Blau, Gutblau, Jakabszoeloe, Karapino, Kek Burgundi, Kek Kisburgundi, Kek Klevner, Kek Rulandi, Kis Burgundi, Kis Burgundikek, Kisburgundi Kek, Kisburgundikek, Klaevner, Klaevner Schwarz, Klebrot, Klebroth, Klebrott, Kleine Burgunder, Kleiner Burgunder, Kleinrot, Kleinroth, Klevinger, Klevner, Klevner Kek, Klevner Schwarzblau, Korai Kekburgundi, Langedet, Maehrchen, Malterdinger, Maltertinger, Maria Feld, Marillon N, Massoutel, Massoutet, Maurillon, Mensois, Modra Burgunda, Modra Klevanja, Modra Klevanjka, Modra Klevanyka, Modri Pinot, Moehrchen, Mohrenkoenigin, Mohrenkoenigin Fruehblaue, Mor Burgunder, Moreote Noir, Moreotische Traube, Morillon, Morillon Noir, Nagyburgundi, Nere, Neyran, Neyron Petit, Noble, Noble Joue, Noir De Franconier, Noir De Versitch, Noir Menu, Noir Meun, Noiried, Noirien, Noirien Franc, Noirien Ternent, Noirin, Noirun, Okrugla Ranka, Ordinaerer Blauer, Ordinaerer Rother, Orleans, Petit Noir, Petit Noirin, Petit Plant Dore, Petit Verot, Pignol, Pignola, Pignolet, Pignoliga, Pignolo, Pignuola, Pimbart, Pineau, Pineau De Bourgogne, Pineau De Bourgoyne, Pineau De Chambertin, Pineau De Gevrey, Pineau Franc, Pineau Noir, Pino Black, Pino Ceren, Pino Cernii, Pino Cheren, Pino Chernyi, Pino Chernyj, Pino Corni, Pino Cornij, Pino Fran, Pino Go, Pino Negru, Pino Nero, Pino Nuar, Pino Qo, Pinot, Pinot Cernii, Pinot Clevner Cl. Maria- Feld, Pinot Crni, Pinot D'Ay, Pinot De Chambertin, Pinot De Fleury, Pinot De Gevrey, Pinot De Migraine, Pinot Droit, Pinot Fin, Pinot Franc Noir, Pinot Mare, Pinot Mariafeld, Pinot Negru, Pinot Nera, Pinot Nero, Pinot Noar, Pinot Noir Cortaillod, Pinot Noir Cortaillod 9-18, Pinot Noir Salvagnin, Pinot Salvagnin, Pinot Tinto, Plack Morillon, Plant A Bon Vin, Plant Dae, Plant De Cumieres, Plant De La Dole Noir, Plant De S. Martin, Plant Dore, Plant Fin, Plant Medaille, Plant Noble, Pynoz, Qara Pino, Raisin De Bourgogne, Raucy, Raucy Male, Roter Assmannhaeuser, Roter Assmannshaeuser, Roter Burgunder, Rother, Rother Assmannshaeuser, Rother Burgunder, Rouci, Rouci Male, Rouci Modre, Roucimodre, Rouget, Rulandske Modre, Salvagnin, Salvagnin Noir, Samoireau, Samoreau, Samtrot, Saumensois, Saumoireau, Savagin Noir, Savagnin Noir, Schurzir Riesling, Schwartz Klevner, Schwarz Traeuble, Schwarzblauer Klevner, Schwarze Fraenkische, Schwarzer, Schwarzer Assmannshaeuser, Schwarzer Burgunder, Schwarzer Champagner, Schwarzer Klaevner, Schwarzer Klevner, Schwarzer Riesling, Schwarzer Rissling, Schwarzer Suessling, Schwarzer Tokayer, Schwarzklaevner, Schwarzklevner, Schwarztraeuble, Servagnin Noir De Seyssel, Sevagnin Noir, Shpachock, Shpachok, Shpetburgunder, Spacok, Spaetburgunder, Spaetburgunder Blauer, Spaeter Burgunder, Spaetes Moehrchen, Spaetes Moerchen, Spatburgunder, Spetburgunder, Suesschwarz Grobes, Suessedel, Suessling, Suessrot, Suessroth, Suessschwarz, Suessschwarzer, Susschwarzer, Sussedel, Sussrot, Sussschwarzer, Talvagnere Rouge, Talvagnues Rouges, Ternent, Thalrother, Tinto, Traminer Blau, Traminer Schwarz, Vert Dore, Vrai Auvernas, Waltertinger.",France,,,
Blauer Wildbacher,"Wildbacher Blau, Blauer Greutler, Blauer Kracher, Dioljak, Divljak, Echter Blauer Wildbacher, Echter Wildbacher Blau, Fruehblaue, Fruehblauer Wildbacher, Graeutler, Graeutler Blauer, Grosser Mauserl, Grosses Mauserl, Gutblaue, Kauka Schlechte, Kleinblaue, Kracher Blauer, Kraeutler Blau, Mali Zherni, Maslerl, Mauserl, Mauserl Grosses, Pticnik Crni, Ptinik Crni, Schilcher, Schilchertraube, Schillertraube, Schlechte Kauka, Schlehenolauer Wildbacher, Spaete Blauer Wildbacher, Tizhnik, Vildbasske, Vranek, Vranac, Wildbacher.",Austria,,,
Blaufränkisch / Limberger,"Blanc Doux, Blau Fraenkisch, Blau Fraenkische, Blauer Lemberger, Blauer Limberger, Blaufränkisch, Blaufranchis, Blaufranchisch, Blue French, Burgund Kekfrankos, Burgund Mare, Cerne, Cerne Skalicke, Cerne Starosvetske, Cerny Muskatel, Chirokolistny, Cierny Zierfandler, Crna Frankovka, Crna Moravka, Fernon, Fraenkische, Fraenkische Schwarz, Franconia, Franconia nera, Franconia nero, Franconien bleu, Franconien noir, Frankinja, Frankinja Modra, Frankovka, Frankovka Cerna, Frankovka Crna, Frankovka Modra, Fruehschwarze, Game, Grossburgunder, Imberghem, Imbergher, Jubilaeumsrebe, Karmazin, Kekfrank, Kek Frankos, Kekfrankos, Lampart, Lemberger, Limberg,  Limberger blauer, Limberger noir, Limburske, Maehrische, Modra Frankija, Modra Frankinja, Modry Hyblink, Moravka, Moravske, Muskateller Schwarz, Nagyburgundi, Neskorak, Neskore, Neskore Cierne, Noir de Franconie, Oporto, Orna Frankovka, Portugais Lerouse, Portugais Leroux, Portugais Rouge, Portugieser Rother, Pozdni, Pozdni Skalicke Cerne, Schwarz Limberger, Schwarz Fraenkische, Schwarzer Burgunder, Schwarzgrobe, Serina, Shirokolistnyi, Sirokolidtnyj, Sirokolstnii, Starosvetske, Starovetsky Hrozen, Szeleslevelue, Teltfuertue Kekfrankos, Teltfurtu Kekfrankos, Vaghyburgundi, Velke Bugundske, Vojvodino",Austria,Gouais blanc × Frankish grapes,"3,340 (Austria), 1,729 (Germany), 1,742 (Slovakia), 8,000 (Hungary), 891 (Romania), 880 (Croatia), 127 (Italia), 30 (USA)",
Bobal,"Balau, Balauro, Benicarlo, Boal, Bobal Noir, Bobos, Carignan D'Espagne, Carignan D'Espagne A Fronton, Carignan Espagnol, Coreana, Espagnol, Folle Blanche Du Minervois, Moravio, Pobreton, Provechon, Rageno, Rajeno, Requena, Requenera, Requeno, Terret D'Espagna, Terret D'Espagne, Tinta Madrid, Tinto De Requena, Tinto De Zurra, Tonto De Zurra, Valenciana, Valenciana Tinta, Valenciana Tinto, Vinate.","Spain, Utiel-Requena",,"90,000",
Boğazkere,"Saraplik Siyah, Siyah Saraplik.","Turkey, Elazığ Province",,,
Bombino Nero,"Bambino, Buonvino, Buonvino Nero, Calatamuro Nero, Cola Tamburo Nero.",Italy,,,
Bonamico,"Buenamico, Buon Amico, Buonamico, Canaiolo Romano, Ceragia, Dorace, Durace, Giacomino, Neret, Neyret, Pulera, Sangioveto, Tinto, Uva Di Palaia, Uva Rosa.","Italy, Tuscany",,100 (2000),
Bonarda Piemontese,"Balsamina, Banarda Di Chieri, Bonarda, Bonarda A Grandes Grappes, Bonarda Del Monferrato, Bonarda Dell' Astigiano, Bonarda Dell' Astigiano E Monferrato, Bonarda Di Asti, Bonarda Di Chieri, Bonarda Di Piemonte, Bonarda Di Pyemont, Bonarda Du Piemont, Bonarda Nera, Bonarda Nero, Driola, Kanaiolo Krasnyi.","Italy, Piedmont",,,
Bonda,,"Italy, Valle d'Aosta",,3 (2000),
Bondola,"Bistershna Zhernina, Bistriska Crnina, Blaustiel Blau, Bonda, Bondola Nera, Bondoletta, Brieger, Briegler, Bundula, Chailloche, Longobardo, Mohrenkoenig.","Switzerland, Ticino",,,
Bondoletta,Bondola,Switzerland,Bondola × Completer,,
Bonicaire,"Trepat, Embolicaire, Trapat, Traput, Trepan.",Spain,,,
Bonvedro,"Bariadorgia, Bastardo, Bombedra, Bomogastro, Bomvedro, Bonifacienco, Bonifazino, Bonvedro, Bunifazinu, Cacagliola, Carcaghjoliu Neru, Carcaghjolu Neru, Carcagiola, Carcajiola, Carcajola Noir, Carcajolo, Carcajolo Nero, Carcajolo Noir, Cargajola, Caricagiola, Espagnin, Espagnin Noir, False Carignan, Lambrusco De Alentejo, Marota, Monvedro, Monvedro (Oeste), Monvedro De Sines, Monvedro Tinto, Morteira, Murteira, Paraletta, Parralada, Parraleta, Parreleta, Pau Ferro, Ribote, Ribote, Salceno Negro, Tinta Caiada, Tinta Da Lameira, Tinta Do Lameiro, Tinta Lameira, Tinta Murteira, Tintorro, Torres D'Algarve.",Spain,,,
Borba,,Portugal,Muscat Hamburg × Joao Santarem,,
Borracal,"Azedo, Bagalhal, Bogalhal, Borraco, Borrasao, Bougalhal, Bovvaco, Cachino, Cainho Gordo, Cainho Grande, Cainho Grosso, Caino Del Pais, Caino Gordo, Caino Redondo, Caino Tinto, Esfarrapa, Esfarrapas, Espadeiro Redondo, Morraca, Murracal, Oil De Chapaud, Olho De Sapo, Tinta Femia, Tinta Femia De Aldan, Tinto Redondo",Portugal,,,
Bouchalès,"Aubet, Bouchales A Buzet, Bouchales Chedy, Bouchalets, Bouchares, Bouchedey, Boucheres, Bouissalet, Bouscales, Bouscares, Bouyssalet, Capbreton Rouge, Cayla, Crapput, Craput, Cujas, Esparbasque, Grappu, Grappu De La Dordogne, Grapput, Gros Bouchales, Gros Bouchares, Gros De Judith, Gros Grappu, Gros Marthy, Gros Marty, Gros Maure, Gros Mol, Jeanjean, Negrasse, Picardan, Picardan Noir, Piquardan, Plant Touzan, Prolongeau, Prueyras, Queuefort, Toussan, Touzan.","France, Gironde",,,
Bourrisquou,"Bourrignou, Bourriscou, Bourrisquou De Romanet, Bourrisquou De Romani, Mourrisquou De Romani, Romanet.",France,Heben × Monastrell,,
Bouteillan Noir,"Bouteillan A Gros Grain, Boutelion Noir, Caian, Callion Nero, Cargomuou, Cayau, Esfouiral, Esfouiras De Roquemaure, Fouiral, Mentone, Moulas, Petit Bouteillan, Plant De Psalmodi, Psalmodi Noir, Psalmody, Quagliana, Quagliano Nero, Quaian, Quajan, Quagliano, Qualiano, Sigotier, Sigoyer.",Italy,,,
Bovale Grande,"Bova Murru, Bovale, Bovale Di Spagna, Bovale Grosso, Bovale Mannu, Bovale Murru, Bovali Mannu, Maraiola Maggiore, Mostaia, Nieddera, Tintarella, Tintiglia, Tintilia, Tintillosa, Tintillu, Tintirella, Zinzillosa.","Italy, Sardinia",,,
Bovale Sardo,"Graciano, Alicante, Bastardo Nero, Bois Dur, Bordelais, Bovale, Bovale Piccolo, Bovale Piticco, Bovaleddo, Bovaleddu, Bovali Mannu, Bualeddu, Cadelanisca, Cagliunari, Cagniulari, Cagnolari Nero, Cagnonale, Cagnorali Nero, Cagnovali, Cagnovali Nero, Cagnulari, Cagnulari Bastardo, Cagnulari Sardo, Cagnulatu, Calda Reio, Caldareddhu, Caldareddu, Caldarello, Cardanissia, Cardinissia, Cargo Muol, Carrixa, Casca, Cendron, Charge Mulet, Courouillade, Couthurier, Couturier, Drug, Enfarine, Graciana, Graciano 15-5, Graciano Tinto, Gros Negrette, Grosse Negrette, Himrisnky, Jerusano, Juan Ibanez, Karis, Marastel, Maristeddo, Matarou, Materou, Minostello, Minustello, Minustellu, Minustillu, Monastel, Monasteou, Monaster, Monastrel, Monastrell Menudo, Monastrell Verdadero, Monestaou, Monestel, Moraiola Minore, Morastel, Morastell, Morestel, Moristell, Morrastel, Morrastel Tantot, Moura, Mourastel, Mouroustel, Mourrastel, Murastellu, Muristeddo, Muristeddu, Muristellu, Negrette De Montauban, Negrette De Pays, Nieddu Prunizza, Perpignan, Perpignanou Bois Dur, Perpigne, Plant De Ledenon, Tanat Gris, Tannat Bordelais, Tannat Gris, Tinta, Tinta De Fontes, Tinta Do Padre Antonio, Tinta Fontes, Tinta Mencida, Tinta Menuda, Tinta Miuda, Tinta Miuda De Fontes, Tintilho, Tintilla, Tintilla De Rota, Tintillo, Tintillo Alicante, Tinto, Torrentes, Uva Cagnelata, Verdadero, Xeres, Xerez, Zinzillosa.",Spain,,,
Bracciola Nera,"Barciuola, Bracciola, Bracciula, Bracciuola, Braciola, Braciuola, Brassola, Brassora, Brazolata, Rappalunga.","Italy, Liguria",,,
Brachetto del Piemonte,"Brachetto, Borgogna, Bracchetto, Bracelet, Brachet De Nice, Brachetto D' Acqui, Brachetto D'Alexandrie, Brachetto Di Acqui, Brachetto Di Montabone, Brachetto Du Piemont, Braquet Des Jardins, Calitor, Moscato Nero.","Italy, Piedmont",,,
Brancellao,"Alvarelhao, Albarello, Alvaralhao, Alvarelhao De Pe Branco, Alvarelhao De Vara Branca, Alvarelho, Alvarellao, Alvarello, Alvarello Gallego, Alvarelo, Alvarelyo, Avarilhao, Brancelhao, Brancelho, Brancello, Brencellao, Broncellao, Locaia, Pilongo, Pirrauvo, Pirruivo, Serradelo, Serradillo, Uva Gallega, Uva Negra, Varancelha, Verancelha.",Portugal,,,
Braquet Noir,"Brachet, Brachetto, Bracke, Braquet, Bruquet, Calito Du Languedoc, Canseron.",France,,,
Brugnola,,"Italy, Lombardy",,,
Brujidera,"Marufo, Abrunhal, Barrete De Padre, Brujidero, Brujiguero, Colgadera, Crujideiro, Crujidera, Crujidero Di Spagna, Falso Mourisco, Lagrima Noir, Lamego, Lobo, Malvasia, Marouco, Marufa, Marufo Roxo, Marujo, Moravia Dulce, Morisco Tinto, Morocco, Mourico, Mourisca, Mourisco, Mourisco Du Douro, Mourisco Nos Vinhos Verdes, Mourisco Preto, Mourisco Roxo, Mourisco Tinto, Olho De Rei, Rucial, Tinta Amarela Grossa, Tinta Do Caramelo, Tinta Grossa, Trujidera, Trujidero, Uva De Rei, Uva Rei.",Portugal,,,
Brun Argenté,"Arzhente, Bakarezo, Bryun, Camarese, Camareze, Camarezo, Cameres Du Gard, Kamaredyu Gard, Kamarez, Madeleine, Vacarese, Vacareze Blanc, Vaccarese, Vaccareso, Vaccareze, Vakarez.",France,,,
Brun Fourca,"Brun D'Aureol, Brun D'Auriol, Brun De Farnous, Brun Farnous, Brun Fourcat, Brun Tourcae, Brunfourka, Caula, Caula Noir De Vaucluse, Farnous, Floura, Flouron, Gros Taulier, Manconnet, Morrastel Fleuri, Morrastel Flourat, Moulan, Moulard, Moulau, Mourastel Flourat, Moureau, Mourrastel Fleuri, Mourrastel Floura, Mourrastel Flourat, Mouzeau, Mulon, Plant De Bordeaux, Plant Francais, Tinto Gallego.","France, Palette AOC",Pougayen × Best's R2 V73,,
Brunal,"Alfrocheiro, Albarin Frances, Albarin Negrin, Albarin Negro, Albarin Tinto, Albarinon, Alfrocheiro Preto, Alfrucheiro, Alfurcheiro, Baboso Negro, Bastardo Negro, Caino Gordo, Tinta Bastardinha, Tinta Francesa De Viseu, Tinta Francisca De Viseu, Tinto Serodo",Portugal,,,
Brunello,"Sangiovese, Brunelletto, Brunello Di Montalcino, Calabrese, Cardisco, Chiantino, Cordisio, Cuocignola, Gabba Cani, Guarnacciola, Ingannacane, Lacrima, Lakhdari, Lambrusco, Lambrusco Mendoza, Maglioppa, Montepulciano, Montepulciano Primutico, Morellino, Morellino De Florence, Morellino Di Scansano, Morellone, Moscatale, Moscatele, Negretta, Nerino, Nerino Sanvicetro, Niella, Nielluccia, Nielluccio, Niellucciu, Pigniuolo Rosso, Pignolo, Pignolo Rosso, Pignuolo, Plant Romain, Primaticcio, Prugnolino Dolce, Prugnolo, Prugnolo Di Montepulciano, Prugnolo Dolce, Prugnolo Gentile, Prugnolo Gentile Di Montepulciano, Prugnolo Rosso, San Gioveto Grosso, San Montanino, San Quioveto, San Roveto, San Zoveto, Sancivetro, Sangineto, Sangiogheto, Sangiovese Crni, Sangiovese Dal Cannello Lungo, Sangiovese Dal Cannello Lungo Di Predappio, Sangiovese Di Lamole, Sangiovese Di Romagna, Sangiovese Dolce, Sangiovese Elba, Sangiovese Gentile, Sangiovese Grosso, Sangiovese Nostrano, Sangiovese Piccolo, Sangiovese Piccolo Precoce, Sangiovese Romagnolo, Sangiovese Toscano, Sangiovete, Sangioveto, Sangioveto Dell'Elba, Sangioveto Dolce, Sangioveto Grosso, Sangioveto Montanino, Sanvincetro, Sanxhoveze, Sanzoveto, Tabernello, Tignolo, Tignolo Sointovese, Tipsa, Toustain, Uva Abruzzi, Uva Canina, Uvetta",Italy,,,
Bubbierasco,,"Italy, Piedmont",Nebbiolo × Bianchetto Di Saluzzo,,
Buket,"Bouquet, Bouket",Bulgaria,Mavroud × Pinot Noir,,
Busuioaca de Bohotin,"Muscat A Petits Grains Noirs, Black Frontignan, Busuioaca, Busuioaca De Bohotin, Busuioaca Roza De Bohotin, Busuoaca Neagra, Caillaba, Caillaba Noir, Cayabe, Caylor Noir Musque, Cerni Muskat, Fekete Muskotally, Frontignan Black, Frontignan Rot, Gaillaba, Gara Muscat, Gara Muskat, Jura Black Muscat, Kajyaba, Kayyaba, Mor Muscateller, Moscatel Galego, Moscatel Negro, Moscatel Tinto, Moscateller Nigra, Moscatello Nero, Moscato Greco Nero, Moscato Nero, Moschato Mavro, Muscat Caillaba, Muscat Calyaba, Muscat D'Eisenstadt, Muscat De Yura, Muscat Du Jura, Muscat Gaillaba, Muscat Kaillaba, Muscat Mavro, Muscat Modry, Muscat Nero De Spania, Muscat Noir, Muscat Noir A Petits Grains, Muscat Noir D'Eisenstadt, Muscat Noir Du Jura, Muscat Noir Ordinaire, Muscat Rouge, Muscat Violet, Muscat Violet De Madeira, Muscat Zerni, Muscateller, Muskat Cerni, Muskat Chernyi, Muskat Chernyi Kalyabskii, Muskat Kalyaba, Muskat Modry, Muskat Modry Malozrnny, Muskateller Blau, Muskateller Grau, Muskateller Schwarz, Muskateller Schwarzblau, Muskotally Kek, Noir De Thyra, Qara Muskat, Rother Frontignan, Schmeckende Schwarz, Schwarze Schmeckende, Schwarzer Muskateller, Schwarzer Weihrauch, Tamaioasa Vanata De Bohotin, Weihrauch Schwarz.",Romania,,100,
Caberinta,Gargiulo,Argentina,Ruby × Ruby Cabernet,,
Cabernet Carbon,Freiburg,Germany,Cabernet Sauvignon × Bronner,,1983
Cabernet Carol,Freiburg,Germany,Cabernet Sauvignon × Solaris,,1982
Cabernet Colonjes,Valentin Blattner,Switzerland,Cabernet Sauvignon × ? (fungus resistant variety),,
Cabernet Cortis,Freiburg,Germany,Cabernet Sauvignon × Solaris,,1982
Cabernet Cubin,Weinsberg,Germany,Limberger Blau × Cabernet Sauvignon,,1970
Cabernet Dorio,Weinsberg,Germany,Blauer Limberger × Dornfelder,,1971
Cabernet Dorsa,Weinsberg,Germany,Blauer Limberger × Dornfelder,,1971
Cabernet Franc,"Acheria, Ardounet, Aroia, Arrouya, Auxquels, Baro, Beron, Bidure, Bordeaux, Bordo, Bordo Magher, Boubet, Bouchet, Bouchet Franc, Bouchet Saint-Emilion, Bouchy, Breton, Burdeas Tinto, Cabernet, Cabernet Aunis, Cabernet Bresciano, Cabernet D'Aunis, Cabernet Franc Blauer, Cabernet Franc Crni, Cabernet Franc Nero, Cabernet Franc Noir, Cabernet Francese, Cabernet Franco, Cabernet Frank, Cabernet Gris, Cabonet, Cabrunet, Capbreton, Capbreton Rouge, Carbenet, Carbonet, Carbouet, Carmene, Carmenet, Carmenet Grand, Carne Fran, Couahort, Crouchen Negre, Crouchen Noir, Fer Servadou, Fer Servandou, Gamput, Gro Kaberne, Gro Vidyur, Gro Vidyuz, Gros Bouchet, Gros Bouschet, Gros Caberne, Gros Cabernet, Gros Vidure, Gros Vidyuz, Grosse Vidure, Hartling, Kaberne, Kaberne Fran, Kaberne Frank, Kabernet Frank Breton, Karmene, Messanges, Messanges Rouge, Morenoa Veron Bouchy, Noir Dur, Petit Fer, Petit Viodure, Petite Vidure, Petite Vignedure, Plan Des Sables, Plant Breton, Plant De L'Abbe Breton, Qro Kaberne, Qro Vidyuz, Sable Rouge, Trouchet, Trouchet Noir, Tsapournako, Verdejilla Tinto, Veron, Veron Bouchy, Veronais, Vidure, Vuidure.","France, Loire Valley",,"36,000 (France), 7,000 (Italy), 1,400 (USA), 210 (New Zealand), 1,000 (South Africa), 1,180 (Chile), 300 (Argentina)",
Cabernet Gernischt,"Carmenere, Bordo, Bouton Blanc, Caberne Karmener, Cabernella, Cabernelle, Cabernet, Cabernet Carmenere, Cabernet Cosmo, Cabernet Gernicht, Cabernet Gernischet, Cabernet Gerniseht, Cabernet Grande, Cabernet Grosso, Cabernet Italico, Cabernet Shelongzhu, Carbonet, Carbouet, Caremenelle, Carmenea, Carmenegre, Carmenelle, Carmeneyre, Gran Vidyur, Grand Carmenet, Grand Vidure, Grande Vidure, Grande Vuidure, Grosse Vidure, Kaberne, Kaberne Karmener, Kabernel, Karmene, Karmensel, Uva Francesca.",France,Moural × Cabernet Franc,,
Cabernet Jura,Valentin Blattner,Switzerland,Cabernet Sauvignon × ? (fungus resistant variety),,
Cabernet Mitos,Weinsberg,"Germany, Württemberg (wine region)",Blaufraenkisch × Teinturier,317 (Germany 2006),1970
Cabernet Moravia [cs],,Czech Republic,Cabernet Franc × Zweigeltrebe,,
Cabernet Pfeffer,Pfeffer Cabernet,United States,,,
Cabernet Sauvignon,"Bidure, Bordaoux, Bordeaux, Bordo, Bouche, Bouchet, Bouchet Sauvignon, Bourdeos Tinto, Bouschet Sauvignon, Breton, Burdeos Tinto, Cabarnet Sauvignon, Caberne, Caberne Sovinion, Cabernet Petit, Cabernet Piccolo, Cabernet Sauvignon Black, Cabernet Sauvignon Blauer, Cabernet Sauvignon Cl. R5, Cabernet Sauvignon Crni, Cabernet Sauvignon Nero, Cabernet Sauvignon Noir, Cabernet Sauvignon Petit, Carbonet, Carbouet, Carmenet, Castet, Dzanati, Enfin, Epicier Noir, Kaberne Sovinjon, Kaberne Sovinon, Kaberne Sovinyon, Kabernet Suvinjon, Lafet, Lafit, Lafite, Marchoupet, Melkii Chernyi, Menut, Navarre, Petit Bouchet, Petit Bouschet, Petit Cabernet, Petit Cavernet Sauvignon, Petit Vidure, Petit-Bouchet, Petite Parde, Petite Vidure, Sauvignon, Sauvignon Rouge, Sauvignonne, Vaucluse, Veron, Vidure, Vidure Petite, Vidure Sauvignon, Vidure Sauvignonne.",France,Cabernet Franc × Sauvignon Blanc,"262,000 (2004)",17th century
Cabernet Severny,"Kaberne Severnyi, Cabernet Severny, Cabernet Severnyi, Cabernet Szevernuej, Kaberne Severnyi",Russia,Galan × Amurensis,,1978
Cabertin,,,Cabernet Sauvignon × ? (fungus resistant variety),,1991
Caddiu,"Caddeo, Caddiu Nieddu, Caddu, Niedda, Niedda Perda Serra, Perda, Serra.","Italy, Sicily",,,
Cagnulari,"Graciano, Alicante, Bastardo Nero, Bois Dur, Bordelais, Bovale, Bovale Piccolo, Bovale Piticco, Bovale Sardo, Bovaleddo, Bovaleddu, Bovali Mannu, Bualeddu, Cadelanisca, Cagliunari, Cagniulari, Cagnolari Nero, Cagnonale, Cagnorali Nero, Cagnovali, Cagnovali Nero, Cagnulari, Cagnulari Bastardo, Cagnulari Sardo, Cagnulatu, Calda Reio, Caldareddhu, Caldareddu, Caldarello, Cardanissia, Cardinissia, Cargo Muol, Carrixa, Casca, Cendron, Charge Mulet, Courouillade, Couthurier, Couturier, Drug, Enfarine, Graciana, Graciano 15-5, Graciano Tinto, Gros Negrette, Grosse Negrette, Himrisnky, Jerusano, Juan Ibanez, Karis, Marastel, Maristeddo, Matarou, Materou, Minostello, Minustello, Minustellu, Minustillu, Monastel, Monasteou, Monaster, Monastrel, Monastrell Menudo, Monastrell Verdadero, Monestaou, Monestel, Moraiola Minore, Morastel, Morastell, Morestel, Moristell, Morrastel, Morrastel Tantot, Moura, Mourastel, Mouroustel, Mourrastel, Murastellu, Muristeddo, Muristeddu, Muristellu, Negrette De Montauban, Negrette De Pays, Nieddu Prunizza, Perpignan, Perpignanou Bois Dur, Perpigne, Plant De Ledenon, Tanat Gris, Tannat Bordelais, Tannat Gris, Tinta, Tinta De Fontes, Tinta Do Padre Antonio, Tinta Fontes, Tinta Mencida, Tinta Menuda, Tinta Miuda, Tinta Miuda De Fontes, Tintilho, Tintilla, Tintilla De Rota, Tintillo, Tintillo Alicante, Tinto, Torrentes, Uva Cagnelata, Verdadero, Xeres, Xerez, Zinzillosa.","Spain, Rioja",,395,
Caino Bravo,"Amaral, Amaral Preto, Azal, Azal Preto, Azal Tinto, Azar, Cachon, Cainho Miudo, Caino, Caino Bravo, Caino Tinto, Cainzinho, Sousao, Sousao Galego.",Portugal,,,
Caiño Tinto,"Borracal Azedo, Bagalhal, Bogalhal, Borraco, Borrasao, Bougalhal, Bovvaco, Cachino, Cainho Gordo, Cainho Grande, Cainho Grosso, Caino Del Pais, Caino Gordo, Caino Redondo, Esfarrapa, Esfarrapas, Espadeiro Redondo, Morraca, Murracal, Oil De Chapaud, Olho De Sapo, Tinta Femia, Tinta Femia De Aldan, Tinto Redondo.",Portugal,,,
Calabrese,"Alba De Calabria, Calabrese Cappuciu Nero, Calabrese D'Avola, Calabrese De Calabria, Calabrese Di Noto, Calabrese Dolce, Calabrese Nero, Calabrese Pittatello, Calabrese Pizuto, Calabrese Pizzutello, Calabrese Pizzutello Con La Foglia Rotonda, Calabrese Pizzuto, Calabreser Weiss, Calabria, Calabriai Fekete, Calabrisi D'Avola, Fekete Calabriai, Kalabriai Fekete, Nero D'Avola, Raisin De Calibre Noir, Strugeri De Calabria, Uva De Calabria.",Italy,,,
Calabrese di Montenuovo,"Calabrese Montenuovo, Nero D'Avola, Sangiovese.",Italy,,,
Caladoc,"Caladok, Kaladok.","France, Languedoc",Grenache × Cot,,1958
Calandro,Geilweilerhof,Germany,Domina × Regent,,1984
Calitor Noir,"Anglas, Assadoule Bouvier, Binxeilla, Blavette, Calitor, Canseron, Cargo Miola, Cargo Muou, Catitor, Causeron, Causeroun, Charge Mulet, Col Tor, Colitor, Coulitor, Coytor, Dameron Des Vosges, Foirard, Foirat, Fouiraire, Fouiral, Fouirassan, Garriga, Marounvern, Mouillas, Noeuds-Courts, Nou Courte, Pampoul, Pecoui Touar, Pecoui Tovar, Picpoul De Fronton, Picpoule Sorbier, Piquepoul De Fronton, Pride Of Australia, Qualitor, Ramonen, Rouget De Salins, Rousselin, Rousselin Noir, Rousset, Rouxal, Sang De Boeuf, Saure, Sen Zhan, Siege Noir, Sigotier, Sigoyer, Tentyure Artekskii, Touar","France, Provence wine",,,
Çalkarası,Çal Karası,Turkey,,,
Callet,,Spain,Callet Cas Concos × Fogoneu,,
Caloria,,"Italy, Tuscany",,,
Camaraou Noir,"Caino Redondo, Camaralet Noir, Camaran, Camaras, Camarau, Camaraue Rouge, Couxo, Gros Noir, Kamarau, Mehrfarbiger Camarau, Moustardet, Plant Sauvage, Sparse Menue.",France,,,
Camarate,"Camarate Tinto, Bairrada, Caccalho, Cascalho, Casculho, Castelao, Castelao Da Bairrada, Castelao De Nosso, Castelao Do Nosso, Castelao Nacional, Castelao Nosso, Maroto, Morete, Moreto, Moreto De Soure, Moreto Do Douro, Mortagua, Mortagua De Vide Preta, Mouro Negro, Mureto, Negro Mouro, Negru Mouro.",Portugal,Cayetana blanca × Alfrocheiro Preto,,
Camarese,"Brun Argente, Arzhente, Bakarezo, Bryun, Camarese, Camareze, Camarezo, Cameres Du Gard, Kamaredyu Gard, Kamarez, Madeleine, Vacarese, Vacareze Blanc, Vaccarese, Vaccareso, Vaccareze, Vakarez",France,,,
Campbell Early,"Campbell, Campbell'S Early, Champbell Early, Early Campbell, Island Belle",United States,Moore Early × (Belvidere × Muscat Hamburg),,1890
Canaiolo Nero,"Caccione Nero, Cacciuna Nera, Cagnina, Calabrese, Canaiola, Canaiolo, Canaiolo Borghese, Canaiolo Cascolo, Canaiolo Colore, Canaiolo Grosso, Canaiolo Nero A Raspo Rosso, Canaiolo Nero Comune, Canaiolo Nero Grosso, Canaiolo Nero Minuto, Canaiolo Pratese, Canaiolo Romano, Canaiolo Rosso Piccolo, Canaiolo Toscano, Canaiuola, Canaiuolo, Canajola Lastri, Canajolo, Canajolo Lastri, Canajolo Nero Grosso, Canajolo Piccolo, Canajuola, Canajuolo Nero Comune, Canina, Cannaiola, Cannaiola Di Marta, Cannaiola Macchie Di Marta, Cannajola, Colore, Colore Canino, San Giovese, Tindillaro, Tindilloro, Uva Canaiolo, Uva Canajola, Uva Canajuola, Uva Canina, Uva Colore Canaiola, Uva Dei Cani, Uva Donna, Uva Fosca, Uva Grossa, Uva Marchigiana, Uva Merla, Vitis Vinifera Etrusca.","Italy, Tuscan wine",,"3,000 (2006)",
Canari Noir,"Balza, Batista, Blanchette Rouge, Blanquette Rouge, Boudales, Bourgogne, Caillaba, Canari, Canaril, Canarill, Carcasses, Cargo Nalt, Cargonalt, Chalosse Noire, Cot A Queue Verte, Cot Vert Du Saumurois, Cotes Vertes, Enfin, Errone De Grolleau, Esquisse Braguette, Folle Noir De La Vienne, Folle Noire, Gamay De Malain, Gamay Malain, Grosse Negrette, Luverdon, Oeil De Chope, Ondane, Ondenc Noir, Pinot Gris, Pinot Gris Mendoza, Saint Helene, Sainte-Helene, Semis Rouge, Ugne Noir, Ugne Noire.",France,,,
Canina Nera,"Canena, Canina, Canina Crossa, Canina Dal Raspo, Canina Di Forli, Canina Di Lugo, Canina Di Ravenna, Canina Picola Lunga, Cannina, Uva Canina.","Italy, Emilia-Romagna",,,
Cannamela,,Italy,,,
Carcajolo Nero,"Parraleta, Bariadorgia, Bastardo, Bombedra, Bomogastro, Bomvedro, Bonifacienco, Bonifazino, Bonvedro, Bunifazinu, Cacagliola, Carcaghjoliu Neru, Carcaghjolu Neru, Carcagiola, Carcajiola, Carcajola Noir, Carcajolo, Carcajolo Nero, Carcajolo Noir, Cargajola, Caricagiola, Espagnin, Espagnin Noir, False Carignan, Lambrusco De Alentejo, Marota, Monvedro, Monvedro (Oeste), Monvedro De Sines, Monvedro Tinto, Morteira, Murteira, Paraletta, Parralada, Parraleta, Parreleta, Pau Ferro, Ribote, Ribote, Salceno Negro, Tinta Caiada, Tinta Da Lameira, Tinta Do Lameiro, Tinta Lameira, Tinta Murteira, Tintorro, Torres D'Algarve.","Italy, Sardinia",,,
Caricagiola,"Bonifaccenco, Bonifacenco, Bonifacengo, Bonifazina, Bonifazino, Carajolo Noir, Carcaghjolu, Carcagiola, Carcajola, Cargajola, Caricagliola, Carjcagiola, Carricadolza, Garricadolza",Italy,,,
Carignan,"Carignan Noir, Axina De Spagna, Babonenc, Babounenc, Blaue Shopatna, Blaue Sopatna, Blauer Carignan, Blauer Carignant, Boi Dur, Bois De Fer, Bois Dur, Bois Dure, Bovale Grande, Bovale Grande Di Spagna, Bove Duro, Bove Duro Di Spagna, Cafalan, Cagnolaro, Cagnolaro Tinto, Calignan, Carignan Crni, Carignan Frances, Carignan Mouillan, Carignane, Carignane Mouilla, Carignane Noir, Carignane Noire, Carignane Violette, Carignanne, Carignano, Carignano Di Carmignano, Carignena, Carinena, Carinena Mazuela, Carinena Negra, Catalan, Cencibel, Crignane, Crinana, Crujillon, Crusillo, Girard, Girarde, Grenache Du Bois, Grenache Du Bois Dur, Karignan, Karinian, Karinjan, Karinyan, Kek Carignan, Legno Duro, Legno Duro Di Portoferraio, Manuelo Tinto, Manzuela, Marocain, Mataro, Mazuela, Mazuelo, Mollard, Monestel, Mounesteou, Pinot D'Evora, Pinot Evara, Plant D'Espagne, Plant De Ledenon, Pokovec, Pokovez, Roussillonen, Samso, Samso Crusillo, Sanso, Sopatna Blau, Tinto Mazuela, Uva Di Spagna.","Spain, Zaragoza",,"95,700 (EU 2006)",
Carinena,"Carignan Noir, Axina De Spagna, Babonenc, Babounenc, Blaue Shopatna, Blaue Sopatna, Blauer Carignan, Blauer Carignant, Boi Dur, Bois De Fer, Bois Dur, Bois Dure, Bovale Grande, Bovale Grande Di Spagna, Bove Duro, Bove Duro Di Spagna, Cafalan, Cagnolaro, Cagnolaro Tinto, Calignan, Carignan, Carignan Crni, Carignan Frances, Carignan Mouillan, Carignane, Carignane Mouilla, Carignane Noir, Carignane Noire, Carignane Violette, Carignanne, Carignano, Carignano Di Carmignano, Carignena, Carinena, Carinena Mazuela, Carinena Negra, Catalan, Cencibel, Crignane, Crinana, Crujillon, Crusillo, Girard, Girarde, Grenache Du Bois, Grenache Du Bois Dur, Karignan, Karinian, Karinjan, Karinyan, Kek Carignan, Legno Duro, Legno Duro Di Portoferraio, Manuelo Tinto, Manzuela, Marocain, Mataro, Mazuela, Mazuelo, Mollard, Monestel, Mounesteou, Pinot D'Evora, Pinot Evara, Plant D'Espagne, Plant De Ledenon, Pokovec, Pokovez, Roussillonen, Samso, Samso Crusillo, Sanso, Sopatna Blau, Tinto Mazuela, Uva Di Spagna.",France,,,
Carménère,"Bordo, Bouton Blanc, Caberne Karmener, Cabernella, Cabernelle, Cabernet, Cabernet Carmenere, Cabernet Cosmo, Cabernet Gernicht, Cabernet Gernischet, Cabernet Gernischt, Cabernet Gerniseht, Cabernet Grande, Cabernet Grosso, Cabernet Italico, Cabernet Shelongzhu, Carbonet, Carbouet, Caremenelle, Carmenea, Carmenegre, Carmenelle, Carmeneyre, Gran Vidyur, Grand Carmenet, Grand Vidure, Grande Vidure, Grande Vuidure, Grosse Vidure, Kaberne, Kaberne Karmener, Kabernel, Karmene, Karmensel, Uva Francesca","France, Médoc",,"8,800 (Chile 2009)",
Carmine,,United States,(Carignan × Cabernet Sauvignon) × Merlot,,1946
Carminoir,,Switzerland,Pinot Noir × Cabernet Sauvignon,,1982
Carnelian,,"USA, California",(Carignan × Cabernet Sauvignon) × Grenache,,1972
Carrasquin,"Carrasco, Carrasco Negro",Spain,,,
Casavecchia,,Italy,,,
Cascade,Seibel,France,Seibel 7042 × Seibel 5409,,
Casculho,Cascudo,Portugal,,,
Casetta,"Lambrusco A Foglia Tonda, Lambrusco Casetta, Maranela.",Italy,,,
Castagnara,"Castgnarella, S. Maria, Santa Maria, Santa Maria Nera, Sarnese, Scassacaretta Nera.",Italy,,,
Castelão,"Bastardo Castico, Bastardo Espanhol, Castelana, Castelao Frances, Castelao Real, Casteleao, Castellam, Castellao, Castellao Portugues, Castico, Joao De Periquita, Joao De Santarem, Joao De Santarem Tinto, Joao Mendes, Joao Pinto Mendes, Joao Santarem, Lariao Preto, Mortagua, Mortagua De Vide Branca, Olho De Lebre, Perikvita, Periquita, Piriquita, Piriquito, Pirriquita, Santarem, Santarem Tinto.",Portugal,Cayetana blanca × Alfrocheiro Preto,,
Castets,"Castet, Engrunat, Gros Machouquet, Gros Verdau, Machoupet, Machouquet, Matioupet, Matiouquet, Nicouleau.","France, Aveyron",Gros Cabernet × Camaraou Noir,nearly extinct,
Castiglione,"Alicante Barletta, Castigliono, Castigliono Nero, Mantonico Nero, Marchesana, Sagarese, Zagarese, Zagarese Nero, Zagarolese, Zuccheio Canella, Zucchero E Cannella, Zucchero Et Cannella.",Italy,,,
Catalanesca,"Catalensca Nera, Katalaneska.",Italy,,,
Catanese Nero,"Kaleo, Vespalora, Vesparola","Italy, Sicily",,80 (2000),
Cavrara,"Bassanese Dal Peduncolo Rosso, Caprara, Cavarada, Cavarara.",Italy,,,
Centesimino,"Alicante Del Faentino, Sauvignon Rosso, Savignon Rosso.",Italy,,,
Centurian,Centurion,"USA, California",(Carignan × Cabernet Sauvignon) × Grenache,,1975
Cereza,"Ceresa, Ceresina, Cereza Italiana, Cerise, Chereza.",,Muscat Of Alexandria × Listan Prieto,,
Cesanese,"Cesanese Comune, Bambino, Bombino Nero, Bonvino Nero, Cesanese, Cesanese Ad Acino Grosso, Cesanese Di Affile, Cesanese Velletrano, Cezanese Nero, Ferrigno Nero, Mangiatoria, Nero Ferrigno, Sancinella, Sanginella, Sanguinella, Uva Di Affile.","Italy, Lazio",,"1,000 (2006)",
César,"Ceear, Ceelar, Celar, Gros Monsieur, Gros Noir, Picargneau, Picargniol, Picargniot, Picarniau, Picorneau, Roemer, Romain, Romano, Roncain.","France, Burgundy wine",Pinot × Argant,,
Cevat Kara,"Dzhevat Kara, Cevat Kara, Djevat Kara, Dshevat Kara, Jewath, Polkovnik Kara.",Ukraine,,,
Chambourcin,"Joanneseyve, Chambourcine, J.S., Joannes Seyve, John Saym, Shambursen, Zhoan Seiv.",France,Seyve Villard × Seibel,,
Charbono,"France: Corbeau, Alcantino, Aleante, Bathiolin, Batiolin, Blaue Gansfuesser, Bonarda, Bourdon Noir, Carbonneau, Charbonneau, Charbono, Corbeau, Corbeau Noir, Cot Merille, Cot Rouge Merille, Cote Rouge, Dolcetto Grosso, Dolutz, Douce Noire, Folle Noire D L'Ariege, Gansfuesser Blaue, Grenoblois, Korbo, Mauvais Noir, Ocanette, Picot Rouge, Plant De Calarin, Plant De Montmelian, Plant De Montmelion, Plant De Savoie, Plant De Turin, Plant Noir, Serbina, Sevilhao, Turca, Turin, Turino. Italy: Acqui, Barbirono, Bathiolin, Batialin, Beina, Bignola, Bignona, Bignonia, Bignonina, Bourdon Noir, Cassolo, Charbonneau, Charbono, Chasselas Noir, Cote Rouge Merille, Crete De Coq, Debili Rifosk, Dolcedo Rotstieliger, Dolceto, Dolcetta Nera, Dolcetto A Raspe Verde, Dolcetto A Raspo Rosso, Dolcetto Crni, Dolcetto Nero, Dolcetto Piemontese, Dolchetto, Dolcino Nero, Dolciut, Dolsin, Dolsin Raro, Dolzin, Dolzino, Dosset, Gros Noir De Montelimar, Gros Plant, Maennlicher Refosco, Mauvais Noir, Montelimar, Monteuse, Montmelian, Mosciolino, Nera Dolce, Nibieu, Nibio, Noirin D'Espagne, Nord Du Lot Et Garonne, Ocanette, Orincasca, Ormeasca, Ormeasco, Picot Rouge, Plant De Calarin, Plant De Chapareillan, Plant De Moirans, Plant De Montmelian, Plant De Provence, Plant De Savoie, Plant De Turin, Plant Du Roi, Premasto, Primaticcio, Promotico, Provençal, Ravanellino, Refork, Refork Debeli, Refork Male, Refosk Debeli, Rotstieliger Dolcedo, Savoyard, Turin, Turino, Uva D'Acqui, Uva D'Acquia, Uva Del Monferrato, Uva Di Ovada, Uva Di Roccagrimalda.","France, Italy",,,
Chancellor,,France,Seibel 5163 × Seibel 880,,
Charentsi,,Armenia,(Amurensis × Zhemchug Saba) × Karmrayut,,
Chatus,"Bolgnino, Bourgnin, Brachet, Brunetta, Burgnin, Carbesse, Chanu, Chany, Charagnot, Charamiot, Chatelos, Chatelus, Chatos, Chatut, Chenu, Corbeil, Corbel, Corbelle, Corbes, Corbesse, Courbet, Gros Chenu, Houron, Korbel, Korbess, Mauvais Noir, Mouraud, Mouret, Mourre, Nebbiolo Di Dronero, Nebbiolo Dronero, Nebbiolo Pairole, Neiret, Neiret Pinerolese, Neretto, Ouron, Persagne Gamay, Scarlattin, Shatu, Shenyu, Siramuse, Syramhuse, Syramuse, Ver Shenyu, Vert Chenu.",France,,,
Chelois,,France,Seibel 5163 × Seibel 5593,,
Chenanson,"Chenancon, Chenason, Pineau Gros, Shenanson, Vaalblaar Stein.",France,Grenache Noir × Jurancon Noir,,
Chichaud,"Brunet, Chicaud, Chichaud Noir, Cico, Tsintsao, Tsintsau",France,,,
Chidiriotiko,Kalloniatiko,Greece,,,
Chisago,,United States,St. Croix × Swenson Red,,
Chkhaveri,"Chhaveri, Chkhaveli, Chkhavery, Cxaveri, Riqintuli, Samchkhavera, Tchkhaveli, Tchkhaveri, Tsivtchkhavera.",Georgia,,,
Chondromavro,"Chondromavrouda, Chondromavroudi, Chondromavroudo, Khondromavroud, Khondromavroudi.",Greece,,,
Cianorie,"Canore, Canorie, Chianorie, Cianoria, Cjanorie, Rossarie, Vinosa.",Italy,,,
Cienna,,Australia,Sumoll × Cabernet Sauvignon,,1972
Ciliegiolo,"Albana Nera, Aleatico Di Spagna, Brunellone, Canaiolo Romano, Ciliegino, Ciliegiolo Di Spagna, Ciliegiolo Nero, Ciliegiona Nera, Ciliegioulo Nero, Ciliegiulo, Ciliegiuolo, Ciligiolo Nero, Ciriegiuolo Dolce, Criminese, Mazzese, Riminese, Riminese Ad Uva Rossa, Riminese Di Color Rubino Di Potercole, Riminese Nero, Riminese Noire, Sangiovese Polveroso, Sangiovese Polveroso Bonechi.",Italy,Moscato Violetto × Sangiovese,"5,000 (2006)",
Cinsaut,"Black Malvoisie, Black Prince, Blue Imperial, Boudales, Bourdales, Bourdales Kek, Bourdelas, Budales, Calibre, Chainette, Cincout, Cing-Saou, Cinq-Sao, Cinq-Saou, Cinq-Saut, Cinqsaut, Cinquien, Cinsanet, Cinsault, Cinsaut Couche, Cubilier, Cubillier, Cuviller, Cuvillier, Espagne, Espagnen, Espagnin Noir, Espagnol, Froutignan, Grappu De La Dordogne, Grecau, Grecu Masculinu, Gros De Lacaze, Gros Marocain, Hermitage, Imperial Blue, Kara, Kara Takopoulo, Madiran, Madiran Du Portugal, Malaga, Malaga Kek, Malvoise, Marocain, Marroquin, Marrouquin, Maurange, Mavro Kara, Mavro Kara Melkii, Milhau, Milhaud Du Pradel, Morterille, Morterille Noire, Moustardier Noir, Navarro, Negru De Sarichioi, Oeillade, Oeillade Noir, Ottavianello, Ottaviano, Ottavianuccia, Ottavinello, Pampous, Papadou, Passerille, Passerille Senso, Pedaire, Petaire, Picardan, Picardan Noir, Piede Di Colombo, Piede Di Palumbo, Piede Rosso, Piqepoul, Piquepoul D'Uzes, Pis De Chevre, Pis De Chevre Rouge, Plant D Arles Boudales, Plant D'Arles, Plant De Broqui, Plant De Broquies, Poupe De Crabe, Poupo De Crabe, Poupo De Crabo, Pousse De Chevre, Pousse De Chevre Rouge, Prunaley, Prunelard, Prunelas, Prunelat, Prunella, Prunellas, Prunellas Noir, S. Saul, Salerne, Samso, Samson, Sao Saul, Senso, Sensu, Sinseur, Sinso, Sinson, Strum, Takopulo Kara, Ulliade, Ulliaou, Uva Spina, West'S White Prolific.","France, Languedoc-Roussillon",,,
Colombana nera,,"Italy, Tuscany and Emilia-Romagna",,,
Colorino,,"Italy, Tuscany",,,
Complexa,,Portugal,,,1960s
Cornalin see Rouge du Pays,,"Switzerland, Valais",,116 (2009),
Cornifesto,,Portugal,,,
Corvina / Corvinone,,"Italy, Veneto wine",,,
Counoise,,"France, Rhône wine",,638 (2006),
Croatina,,"Italy, Lombardia (wine)",,,
Darnekuša,,"Croatia, Hvar",,,
Dobričić,,"Croatia, Šolta",,,
Dolcetto,,"Italy, Piedmont",,,
Domina,,"Germany, Palatinate (wine region)",,,1927
Dornfelder,,"Germany, Württemberg (wine region)",,"8,231 (2006)",1955
Douce noir/Charbono/Bonarda/Turca,,"France, Savoy wine, California, Argentina",,,
Douce Noire grise,,France,,,
Dunkelfelder,,Germany,,372 (2006),1930s
Duras,,"France, Tarn (river)",,,
Dureza,,"France, Ardèche",,,
Durif / Petite Sirah,,"France, Montpellier",,"300 (Australia),",
Ederena,,France,Merlot × Abouriou,,1952
Enfariné noir,,"France, Jura",,,
Espadeiro,,"Portugal, Minho VR",,,
Étraire,,"France, Rhone, Savoy",,,
Fer,,"France, South West France (wine region)",,,
Ferrón,,"Spain, Galicia",,,
Fetească neagră,,Romania,,,
Forcallat tinta,,"Spain, Castile-La Mancha",,,
Fortana,,"Italy, Emilia-Romagna",,,
Frappato,,"Italy, Sicily",,,
Freisa,,"Italy, Piedmont",,,
Frühroter Veltliner,,"Austria, Weinviertel",,,
Fumin,,"Italy, Valle d'Aosta DOC",,,
Gaglioppo,,"Italy, Calabria",,,
Gamashara,,Azerbaijan,,,
Gamay / Gamay noir,,"France, Loire valley",,,
Gamaret,,Switzerland,,,1970
Garanoir,,Switzerland,,203 (2009),1970
Garnatxa / Grenache / Garnacha / Cannonau /Lladoner Pelut / Lledoner Pelut,,Spain,,"82,300 (Spain), 95,700 (France),",
Girò,,"Italy, Sardinia",,552,
Gouget noir,,France,,,
Graciano/ Moristel/ Juan Ibáñez / Miguel del Arco,,"Spain, Rioja",,395 (Spain),
Grand noir de la Calmette,,France,,,
Grisa nera,,"Italy, Piedmont",,,
Greco nero,,Italy,,"3,200",
Grignolino,,"Italy, Piedmont",,,
Gropello,,"Italy, Lombardia (wine)",,,
Grolleau / Groslot,,"France, Loire valley",,"5,500",
Gros Verdot,,"France, Gironde",,,
Gueuche noir,,"France, Franche-Comté",,,
Helfensteiner,,Germany,,20,1931
Heroldrebe,,Germany,,155 (2008),1929
Hondarribi Beltza,,"Spain, Basque",,,
Hron,,Slovakia,Abouriou × Castets (grape),5 (2011),1976
Humagne Rouge / Cornalin d'Aoste,,"Italy, Aosta",,128 (Switzerland 2009),
Joubertin / Jaubertin,,"France, Savoy wine",,,
Juan Garcia,,"Spain, Galicia (Spain)",,,
Jurancon noir,,"France, Southwest",,,
Kadarka,,Hungary,,,
Kakhet,,Armenia,,,
Kalecik Karasi,,"Turkey, Ankara Province",,,
Kindzmarauli/ Saperavi,,Georgia,,,
Kotsifali,,"Greek, Crete",,,
Krasnostop Zolotovsky,"Krasnostop, Krasnostop Anapsky","Russia, Rostov Oblast and Krasnodar Krai",,66 (2010),
Kratosija,,Macedonia,,,
Lacrima di Morro / Lacrima nera,,"Italy, Marche",,,
Lagrein,,"Italy, South Tyrol",,,
Lambrusco,,"Italy, Emilia-Romagna",,,
Liatiko,,"Greece, Crete",,,
Limnio,,"Greece, Lemnos",,,
Listan negro,,"Spain, Canary Islands",,,
Madrasa/ Matrassa,,Azerbaijani wine,,,
Magarach Bastardo/Bastardo Magarach,,Ukraine,,,
Magaratch Ruby / Magarach Ruby,,Ukraine,,,1928
Magliocco Canino/Maiolica,,"Italy, Calabrian wine",,"1,500",
Magliocco Dolce/Marsigliana nera,,"Italy, Calabria",,,
Magyarfrankos,,Hungary,,,1953
Malbec / Auxerrois / Cot,,France,,"1,400 (France), 20,000 (Argentina), 7,000 (USA), 1,235 (Australia)",
Malvasia di Schierano/Malvasia nera,,Greece,,,
Mammolo,,"Italy, Tuscany",,,
Mandelaria / Mandelari / Amorghiano,,Greece,,,
Mandolari,,Greece,,,
Manseng noir,,"France, Basque Country (greater region)",,,
Manto negro,,"Spain, Majorca",,,
Mara,,Switzerland,,,2008
Maratheftiko,,Cyprus,,125,
Marselan,,"France, Languedoc",,,1961
Marsigliana,,"Italy, Calabrian wine",,,
Marzemino,,"Italy, South Tyrol",,,
Mauzac noir,,Southwest France,,,
Mavro,,Cyprus,,,
Mavrodafni / Mavrodaphne,,"Greece, Achaea",,,
Mavrud / Mavroudi,,"Bulgaria, Thrace",,,
Mayorquin,,"France, Provence wine",,,
Meghrabujr,,Armenia,,,
Melnik,,Bulgaria,,,
Mencía / Jaén colorado,,"Spain, Galicia",,,
Merenzao,,"Spain, Galicia, Valdeorras (DO)",,,
Merille,,"France, South West France (wine region)",,,
Merlot,,France,,"260,000 (2004)",
Milgranet,,"France, South West France (wine region)",,,
Millot /Léon Millot,,"France, Alsace",,,1911
Mission,,Spain,,400,
Molinara,,"Italy, Veneto wine",,,
Mondeuse,,"France, Savoy wine",,200 (2000),
Monica,,"Spain, Italy-Sardinia",,,
Montepulciano,,"Italy, Abruzzo (wine)",,,
Montù / Montuni,,"Italy, Emilia (region of Italy)",,,
Moreto,,"Portugal, Alentejo wine",,,
Moristel,,"Spain, Aragon",,,
Mornen noir,,"France, Rhone",,,
Morrastel Bouschet,,"France, Aude",,,
Mourisco tinto,,Portugal,,,
Mourvèdre / Monastrell / Mataro/ Rossola nera/Garrut,,Spain,,"260 (France), 1000 (Australia)",
Mouyssaguès,,"France, Marcillac",,nearly extinct,
Mtevandidi,,"Georgia, Guria",,,
Mujuretuli,,Georgia,,,
Muscardin,,"France, Southern Rhone",,,
Muscat Bouschet,,France,,,
Muscat Hamburg,,Germany,,,
Nebbiolo,,"Italy, Piedmont",,"5,100 (Italy), 1,100 (USA), 81 (Argentina)",
Negoska,,"Greece, Central Macedonia",,,
Negrara,,"Italy, Veneto wine",,,
Négrette/ Pinot St. George,,"France, South West France (wine region)",,,
Negroamaro,,"Italy, Puglia",,,
Negru de Dragasani,,"Romania, Romanian wine",,,
Nerkarat,,"Armenia, Tavush Region",,,
Nero Buono di Cori,,Italy,,,
Nero d'Avola,,"Italy, Sicily",,,
Nerello Mascalese/ Nerello Cappuccio,,"Italy, Sicily",,,
Neretto di Bairo,,Italy,,,
Neyret,,"Italy, Valle d'Aosta DOC",,,
Nielluccio,,"France, Corsica",,"1,500 (Corsica)",
Ninčuša,,"Croatia, Croatian wine",,,
Nocera,,"Italy, Calabrian wine",,,
Notardomenico,,"Italy, Brindisi",,,
Oeillade noire,,"France, Languedoc and Provence",,,
Ojaleshi,,"Georgia, Georgian wine",,,
Öküzgözü,,"Turkey, Elâzığ Province",,,
Oseleta,,"Italy, Verona",,,
Pais,,Spain,,,
Pallagrello nero,,"Campania, Italy",,,
Pamid,,Bulgaria,,,
Pascale di Cagliari,,"Italy, Sardinia",,,
Pelaverga,,"Italy, Piedmont",,,
Peloursin,,"France, Rhône-Alpes",,,
Perdal,,Portugal,,,
Perricone/Guarnaccia,,"Italy, Sicily",,"1,000",
Persan,,"France, Savoy wine",,,
Petit Bouschet,,"France, Spain, Portugal, North Africa",,,1824
Petit Rouge,,"Italy, Valle d'Aosta DOC",,,
Petit Verdot,,"France, South West",,"1,600 (Australia 2000), 137 (Chile 2009), 360 (USA 2000)",
Piccola nera,,"Italy, Trieste",,,
Piedirosso,,"Italy, Campania",,,
Pignerol,,"France, Provence wine",,,
Pignola Valtellinese,,"Italy, Valtellina",,,
Pignolo,,"Italy, Friuli-Venezia Giulia wine",,,
Pineau d'Aunis,,"France, Loire Valley (wine)",,,
Pinot Meunier / Schwarzriesling / Müllerebe,,France,,"2,424 (Germany 2006)",
Pinot noir / Spätburgunder / Blauburgunder / Pinot nero,,France,,,
Pinotage,,South Africa,,,1925
Piquepoul noir,,"France, Rhone Valley and Languedoc",,,
Plassa,,"Italy, Piedmont",,,
Plavina / Brajda Mala / Brajdica / Bratkovina / Jurkovica / Marasovka /Modrulj / Plavac Plavina /Plavinac /Plavina Mala / Plavina Sitnah / Plavina Velka / Plavka / Plavka Mala / Velika Plavka,,"Croatia, Dalmatia",,,
Pollera nera,,"Italy, Liguria wine",,,
Portan,,"France, Languedoc-Roussillon wine",,,
Poulsard/ Plousard,,"France, Jura wine",,,
Prieto Picudo,,"Spain, Province of León",,,
Prokupac,,Serbia,,,
Raboso,,"Italy, Veneto",,,
Ramisco,,"Portugal, Colares DOC",,,
Reberger,,Germany,Blaufränkisch x Regent,,1986
Refosco / Refošk,Teran[6][circular reference],"Italy, Friuli-Venezia Giulia wine",,,
Rimava,,Slovakia,,,
Roesler,,Austria,Zweigelt × (Seyve-Villard 18-402 × Blaufränkisch),,1970
Rondinella,,"Italy, Veneto",,,
Rossese,,"Italy, Liguria wine",,,
Rossignola,,"Italy, Veneto",,,1818
Rossolino nero,,"Italy, Valtellina, Lombardy wine",,,
Rotberger,,Germany,,,1928
Rouchet/ Ruché / Roche,,"Italy, Piedmont",,,
Rubintos,,Hungary,,,1951
Ruby Cabernet,"Ruby Chablais, Ruby Chablis","USA, California",,,1936
Rufete / Tinta Pinheira / Tinta Carvalha / Rufeta,,"Portugal, Douro DOC",,,
Sagrantino,,"Italy, Umbria",,,
Sangiovese,,"Italy, Tuscany",,"63,000 (Italy), 2,800 (Argentina), 1,700 (Romania), 1,600 (France), 1,400 (California), 440 (Australia)",
San Giuseppe nero,,"Italy, Lazio",,,
Saperavi,,Georgia,,,
Schiava / Trollinger,,"Italy, Trentino-Alto Adige/Südtirol wine",,"2,300 (Germany)",
Schioppettino,,"Italy, Friuli-Venezia Giulia wine",,,
Schönburger,,Germany,Pinot noir × (Chasselas × Muscat Hamburg),,1979
Sciacarello,,Italy,,,
Sciascinoso / Olivella nera,,"Italy, Campania",,440 (1999),
Segalin / Ségalin,,France,,,1957
Servanin,,"France, Isère",,,
Sgaretta/Sgavetta,,"Italy, Emilia-Romagna",,,
Shiraz / Syrah,,France,,"142,600 (2004)",
Shiroka Melnishka Losa / Melnik,,Bulgaria,,,
Sousão/Souzão/Sousón,,"Portugal, Minho Province",,,
St. Laurent / Svatovavrinecke,,France,,"1,730 (Czech Republic), 800 (Austria)",
Saint-Macaire,,"France, South-West",,,
Sumoll,,"Spain, Catalonia",,100,
Susumaniello,,"Italy, Puglia",,,
Tannat,,"France, South West France (wine region)",,150 (California),
Tarrango,,Australia,Touriga Nacional × Sultana,,1965
Tazzelenghe,,"Italy, Friuli-Venezia Giulia wine",,,
Tempranillo / Tinta Roriz / Ull de Llebre / Cencibel / Tinta del Pais,,"Spain, Rioja (wine)",,,
Teran,,"Croatia, Istria",,400 (2013),
Termarina rossa,,"Italy, Emilia-Romagna",,,
Teroldego / Teroldego Rotaliano,,"Italy, Trentino-Alto Adige/Südtirol wine",,390 (Italy),
Terret noir,,"France, Rhone valley",Vitis vinifera × Terret,189 (2007),
Thiniatiko,,Greece,,,
Tibouren,,"France, Provence",,,
Tinta Amarela,,Portugal,,,
Tinta Barroca,,"Portugal, Douro",,,
Tinta Caiada,,Portugal,,,
Tinta Carvalha,,"Portugal, Trás-os-Montes e Alto Douro Province",,,
Tinta Francisca,,"Portugal, Douro DOC",,,
Tinta Madeira,,Portugal,,,
Tinta Miuda,,"Portugal, Oeste Subregion",,,
Tinta Negra Mole / Preto Martinho,,"Portugal, Madeira",,,
Tinto Cão,,"Portugal, Douro",,,
Touriga Franca / Touriga Francesa,,"Portugal, Dão DOC",Mourisco de Semente × Touriga Nacional,"7,440 (Portugal)",
Touriga Nacional / Azal Espanhol / Preto de Mortágua,,"Portugal, Douro",,"2,760 (Portugal 1990)",
Turán,,Hungary,(Teinturier × Kadarka) × (Medoc noir × Csaba gyöngye),,
Trepat,,"Spain, Conca de Barberà (DO)",,1500,
Trevisana nera,,"Italy, Veneto",,,
Trincadeira/ Castelão / Torneiro,,"Portugal, Alentejo wine",,,
Usakhelauri,,"Georgia, Racha-Lechkhumi and Kvemo Svaneti",,,
Uva di Troia /Nero di Troia/ Sumarello/ Uva di Canosa/ Uva di Barletta/ Troiano/ Tranese / Uva della Marina.,,"Italy, Apulia",,,
Uvalino,,"Italy, Piedmont",,,
Uva Rara,,"Italy, Piedmont and Lombardy",,608 (2000),
Uva Tosca,,"Italy, Emilia-Romagna",,115 (2000),
Vaccarese / Vaccarèse/ Brun Argenté,,"France, Rhone",,,
Valdiguié / Brocol / Napa Gamay / Gamay 15,,"France, Languedoc-Roussillon",,,1874
Valentino nero,,"Italy, Piedmont",Chatus x Dolcetto,,
Vermentino nero,,"Italy, Tuscany",,199 (2000),
Vespolina,,"Italy, Piedmont",Nebbiolo × ?,,
Vien de Nus,,"Italy, Valle d'Aosta DOC",,,
Volidza/Volitsa,,"Greece, high altitudes in the Peloponnese region",,,ancient
Vranac,,Montenegro,,,
Vuillermin,,"Italy, Aosta Valley",Fumin × ?,0.10 ha (2000),
Wildbacher/Blauer Wildbacher,,Austria,,,
Wrothham Pinot,,France,,,
Xinomavro,Xynomavro,"Greece, Central Macedonia",,,1800
Žametovka,,Slovenia,,,
Zinfandel / Crljenak Kaštelanski / Primitivo,,Croatia,,,
Zweigelt / Zweigeltrebe / Rotburger,,Austria,St. Laurent (grape) × Blaufränkisch,"6,512 (Austria 2008)",1922
